{
  "domain": "IR",
  "species": [
    "CH4",
    "NH3",
    "H2O",
    "CO2",
    "CO",
    "C2H6",
    "C2H2",
    "PH3",
    "SO2",
    "H2S",
    "C3H8",
    "C4H10",
    "HCN",
    "N2O",
    "NO2",
    "O3",
    "OCS",
    "HCl",
    "HF",
    "C6H6",
    "C2H4",
    "C4H2"
  ],
  "best_params": {
    "h1": 1024,
    "h2": 256,
    "drop1": 0.16528850633154996,
    "drop2": 0.23269691052427274,
    "lr": 0.0005351260896236863,
    "wd": 6.753415474458593e-05,
    "baseline_win": 151
  },
  "n_resample": 1024,
  "val_loss": 8.110674028118557e-22
}